Category,Group,GC
Phylum,Proteobacteria,42.79
Phylum,Firmicutes,43.06
Phylum,Proteobacteria,43.19
Phylum,Proteobacteria,43.38
Phylum,Proteobacteria,43.07
Phylum,Proteobacteria,43.2
Phylum,Proteobacteria,42.94
Phylum,Proteobacteria,43.37
Phylum,Proteobacteria,43.38
Phylum,Proteobacteria,43.43
Phylum,Proteobacteria,43.29
Phylum,Proteobacteria,42.42
Phylum,Proteobacteria,42.97
Phylum,Proteobacteria,42.42
Phylum,Proteobacteria,43.31
Phylum,Proteobacteria,42.45
Phylum,Proteobacteria,43.47
Phylum,Proteobacteria,42.87
Phylum,Proteobacteria,43.38
Phylum,Proteobacteria,43.5
Phylum,Proteobacteria,42.77
Phylum,Proteobacteria,43.08
Phylum,Proteobacteria,41.1
Phylum,Proteobacteria,43.51
Phylum,Proteobacteria,43.08
Phylum,Proteobacteria,43.98
Phylum,Proteobacteria,43
Phylum,Proteobacteria,43.45
Phylum,Proteobacteria,42.85
Phylum,Proteobacteria,43.22
Phylum,Proteobacteria,43.23
Phylum,Proteobacteria,43.23
Phylum,Proteobacteria,43.47
Phylum,Proteobacteria,42.63
Phylum,Proteobacteria,43.51
Phylum,Proteobacteria,43.18
Phylum,Proteobacteria,43.33
Phylum,Proteobacteria,43.08
Phylum,Proteobacteria,41.32
Phylum,Proteobacteria,41.15
Phylum,Proteobacteria,40.74
Phylum,Proteobacteria,41.15
Phylum,Bacteroidota,42.03
Phylum,Proteobacteria,37.36
Phylum,Bacteroidota,33.62
Phylum,Bacteroidota,33.5
Phylum,Firmicutes,31.57
Phylum,Firmicutes,31.46
Phylum,Firmicutes,31.47
Phylum,Proteobacteria,31.69
Phylum,Firmicutes,60.26
Phylum,Bacteroidota,37.98
Phylum,Proteobacteria,43.54
Phylum,Proteobacteria,42.28
Phylum,Bacteroidota,48.11
Phylum,Firmicutes,42.83
Phylum,Firmicutes,47.95
Phylum,Firmicutes,35.66
Phylum,Firmicutes,42.15
Phylum,Firmicutes,42.15
Phylum,Firmicutes,40.17
Phylum,Firmicutes,40.2
Phylum,Firmicutes,40.2
Phylum,Firmicutes,40.2
Phylum,Firmicutes,40.2
Phylum,Firmicutes,36.83
Phylum,Firmicutes,39.72
Phylum,Firmicutes,38.26
Phylum,Firmicutes,39.31
Phylum,Firmicutes,39.86
Phylum,Firmicutes,39.43
Phylum,Firmicutes,39.99
Phylum,Firmicutes,39.97
Phylum,Firmicutes,56.98
Phylum,Firmicutes,56.58
Phylum,Firmicutes,54.16
Phylum,Proteobacteria,54.26
Phylum,Firmicutes,54.1
Phylum,Firmicutes,54.28
Phylum,Firmicutes,53.11
Phylum,Firmicutes,58.09
Phylum,Firmicutes,53.97
Phylum,Firmicutes,50.71
Phylum,Firmicutes,47.39
Phylum,Firmicutes,51.01
Phylum,Bacteroidota,52.51
Phylum,Firmicutes,39.22
Phylum,Firmicutes,51.69
Phylum,Firmicutes,44.96
Phylum,Firmicutes,49.15
Phylum,Proteobacteria,35.31
Phylum,Firmicutes,38.02
Phylum,Proteobacteria,35.79
Phylum,Firmicutes,32.9
Phylum,Firmicutes,39.86
Phylum,Firmicutes,39.7
Phylum,Firmicutes,55.48
Phylum,Firmicutes,46.73
Phylum,Firmicutes,46.97
Phylum,Firmicutes,57.7
Phylum,Firmicutes,60.18
Phylum,Firmicutes,60.32
Phylum,Firmicutes,60.18
Phylum,Firmicutes,28.42
Phylum,Bacteroidota,45.91
Phylum,Firmicutes,53.35
Phylum,Firmicutes,50.23
Phylum,Firmicutes,50.09
Phylum,Firmicutes,56.49
Phylum,Firmicutes,45.18
Phylum,Firmicutes,50.5
Phylum,Firmicutes,48.02
Phylum,Firmicutes,49.57
Phylum,Firmicutes,56.49
Phylum,Firmicutes,58.37
Phylum,Bacteroidota,49.13
Phylum,Firmicutes,48.61
Phylum,Bacteroidota,50.09
Phylum,Firmicutes,51.39
Phylum,Bacteroidota,51.93
Phylum,Bacteroidota,48.62
Phylum,Bacteroidota,48.62
Phylum,Bacteroidota,48.14
Phylum,Bacteroidota,48.47
Phylum,Bacteroidota,48.17
Phylum,Bacteroidota,48.27
Phylum,Proteobacteria,43.08
Phylum,Firmicutes,35.13
Phylum,Firmicutes,35.66
Phylum,Firmicutes,35.21
Phylum,Firmicutes,35.87
Phylum,Firmicutes,35.7
Phylum,Firmicutes,35.17
Phylum,Firmicutes,35.41
Phylum,Firmicutes,35.7
Phylum,Firmicutes,36.04
Phylum,Firmicutes,35.85
Phylum,Firmicutes,35.4
Phylum,Firmicutes,35.74
Phylum,Firmicutes,35.65
Phylum,Firmicutes,34.88
Phylum,Firmicutes,35.63
Phylum,Firmicutes,35.66
Phylum,Firmicutes,35.87
Phylum,Firmicutes,35.4
Phylum,Firmicutes,35.85
Phylum,Firmicutes,35.87
Phylum,Firmicutes,35.17
Phylum,Firmicutes,35.63
Phylum,Firmicutes,36.04
Phylum,Firmicutes,35.17
Phylum,Firmicutes,35.4
Phylum,Firmicutes,35.87
Phylum,Firmicutes,35.4
Phylum,Firmicutes,35.63
Phylum,Firmicutes,35.66
Phylum,Firmicutes,35.7
Phylum,Firmicutes,35.13
Phylum,Firmicutes,35.63
Phylum,Firmicutes,35.41
Phylum,Firmicutes,35.85
Phylum,Firmicutes,36.04
Phylum,Firmicutes,35.65
Phylum,Firmicutes,34.88
Phylum,Firmicutes,36.21
Phylum,Firmicutes,31.58
Phylum,Firmicutes,30.74
Phylum,Bacteroidota,45.91
Phylum,Bacteroidota,48.49
Phylum,Bacteroidota,50.25
Phylum,Bacteroidota,38.46
Phylum,Proteobacteria,33.19
Phylum,Firmicutes,36.74
Phylum,Bacteroidota,35.97
Phylum,Bacteroidota,33.5
Phylum,Bacteroidota,35.76
Phylum,Bacteroidota,35.97
Phylum,Firmicutes,37.15
Phylum,Firmicutes,35.63
Phylum,Firmicutes,35.65
Phylum,Firmicutes,37.19
Phylum,Firmicutes,36.34
Phylum,Firmicutes,34.15
Phylum,Firmicutes,33.95
Phylum,Bacteroidota,46.51
Phylum,Firmicutes,34.6
Phylum,Proteobacteria,42.77
Phylum,Firmicutes,33.86
Phylum,Firmicutes,35.78
Phylum,Firmicutes,33.95
Phylum,Firmicutes,33.95
Phylum,Firmicutes,34.06
Phylum,Firmicutes,34.15
Phylum,Firmicutes,35.63
Phylum,Firmicutes,36.74
Phylum,Firmicutes,34.14
Phylum,Firmicutes,35.63
Phylum,Firmicutes,36.95
Phylum,Firmicutes,37.27
Phylum,Firmicutes,37.27
Phylum,Firmicutes,36.95
Phylum,Firmicutes,37.15
Phylum,Firmicutes,34.06
Phylum,Firmicutes,33.95
Phylum,Firmicutes,34.15
Phylum,Firmicutes,33.95
Phylum,Firmicutes,34.6
Phylum,Firmicutes,34.27
Phylum,Firmicutes,34.06
Phylum,Firmicutes,34.6
Phylum,Firmicutes,35.65
Phylum,Firmicutes,33.94
Phylum,Firmicutes,35.65
Phylum,Firmicutes,36.32
Phylum,Firmicutes,36.34
Phylum,Firmicutes,37.19
Phylum,Firmicutes,37.19
Phylum,Firmicutes,37.52
Phylum,Firmicutes,37.52
Phylum,Firmicutes,37.13
Phylum,Bacteroidota,38.04
Phylum,Firmicutes,29.2
Phylum,Firmicutes,29.2
Phylum,Firmicutes,37.14
Phylum,Proteobacteria,35.88
Phylum,Firmicutes,36.74
Phylum,Firmicutes,31.57
Phylum,Bacteroidota,34.62
Phylum,Bacteroidota,33.66
Phylum,Bacteroidota,33.65
Phylum,Firmicutes,32.83
Phylum,Firmicutes,34.64
Phylum,Bacteroidota,36.65
Phylum,Bacteroidota,35.71
Phylum,Bacteroidota,35.06
Phylum,Bacteroidota,36.5
Phylum,Bacteroidota,36.45
Phylum,Bacteroidota,36.47
Phylum,Bacteroidota,36.08
Phylum,Bacteroidota,36.18
Phylum,Firmicutes,36.46
Phylum,Bacteroidota,35.95
Phylum,Bacteroidota,36.76
Phylum,Bacteroidota,36.17
Phylum,Bacteroidota,40.36
Phylum,Bacteroidota,40.41
Phylum,Firmicutes,24.54
Phylum,Firmicutes,24.57
Phylum,Firmicutes,34.14
Phylum,Firmicutes,36.62
Phylum,Bacteroidota,37.84
Phylum,Bacteroidota,28.46
Phylum,Bacteroidota,30.09
Phylum,Bacteroidota,30.41
Phylum,Bacteroidota,30.98
Phylum,Bacteroidota,29
Phylum,Bacteroidota,26.68
Phylum,Bacteroidota,27.96
Phylum,Bacteroidota,27.96
Phylum,Bacteroidota,27.7
Phylum,Bacteroidota,27.33
Phylum,Bacteroidota,30.06
Phylum,Bacteroidota,30.29
Phylum,Bacteroidota,29.59
Phylum,Bacteroidota,34.4
Phylum,Bacteroidota,33.17
Phylum,Bacteroidota,34.4
Phylum,Bacteroidota,33.26
Phylum,Bacteroidota,34.4
Phylum,Firmicutes,39.14
Phylum,Firmicutes,35.24
Phylum,Firmicutes,35.13
Phylum,Firmicutes,30.45
Phylum,Firmicutes,30.52
Phylum,Firmicutes,30.77
Phylum,Proteobacteria,43.96
Phylum,Proteobacteria,43.85
Phylum,Proteobacteria,43.79
Phylum,Proteobacteria,43.41
Phylum,Proteobacteria,43.62
Phylum,Proteobacteria,43.64
Phylum,Proteobacteria,44.1
Phylum,Proteobacteria,43.89
Phylum,Proteobacteria,43.61
Phylum,Proteobacteria,43.27
Phylum,Proteobacteria,43.42
Phylum,Proteobacteria,43.69
Phylum,Proteobacteria,43.62
Phylum,Proteobacteria,43.66
Phylum,Proteobacteria,43.96
Phylum,Proteobacteria,43.85
Phylum,Proteobacteria,43.79
Phylum,Proteobacteria,43.35
Phylum,Proteobacteria,43.62
Phylum,Proteobacteria,43.41
Phylum,Proteobacteria,43.28
Phylum,Proteobacteria,43.62
Phylum,Proteobacteria,43.61
Phylum,Proteobacteria,43.66
Phylum,Proteobacteria,43.64
Phylum,Proteobacteria,43.62
Phylum,Proteobacteria,43.69
Phylum,Proteobacteria,43.27
Phylum,Proteobacteria,44.1
Phylum,Proteobacteria,43.42
Phylum,Bacteroidota,36.04
Phylum,Proteobacteria,32.54
Phylum,Bacteroidota,44.79
Phylum,Bacteroidota,44.87
Phylum,Bacteroidota,44.9
Phylum,Bacteroidota,44.9
Phylum,Bacteroidota,44.98
Phylum,Bacteroidota,45.06
Phylum,Bacteroidota,46.59
Phylum,Bacteroidota,44.86
Phylum,Bacteroidota,44.86
Phylum,Bacteroidota,45.27
Phylum,Bacteroidota,44.92
Phylum,Bacteroidota,45.05
Phylum,Bacteroidota,45.03
Phylum,Bacteroidota,45.04
Phylum,Bacteroidota,53.97
Phylum,Bacteroidota,55.69
Phylum,Bacteroidota,56.44
Phylum,Bacteroidota,48.34
Phylum,Bacteroidota,53.18
Phylum,Bacteroidota,55.38
Phylum,Bacteroidota,50.86
Phylum,Bacteroidota,53.92
Phylum,Bacteroidota,45.23
Phylum,Bacteroidota,47.68
Phylum,Bacteroidota,45.74
Phylum,Firmicutes,48.69
Phylum,Bacteroidota,57.01
Phylum,Bacteroidota,55.35
Phylum,Bacteroidota,51.21
Phylum,Bacteroidota,55.64
Phylum,Bacteroidota,54.75
Phylum,Bacteroidota,52.44
Phylum,Bacteroidota,47.36
Phylum,Bacteroidota,53.46
Phylum,Bacteroidota,51.87
Phylum,Bacteroidota,52.82
Phylum,Bacteroidota,51.75
Phylum,Bacteroidota,47.86
Phylum,Firmicutes,51.63
Phylum,Bacteroidota,46.13
Phylum,Bacteroidota,52.12
Phylum,Bacteroidota,51.02
Phylum,Bacteroidota,53.99
Phylum,Bacteroidota,51.58
Phylum,Bacteroidota,54.18
Phylum,Bacteroidota,53.41
Phylum,Bacteroidota,53.83
Phylum,Firmicutes,39.49
Phylum,Firmicutes,40.16
Phylum,Bacteroidota,42.18
Phylum,Bacteroidota,42.12
Phylum,Firmicutes,44.81
Phylum,Firmicutes,44.64
Phylum,Firmicutes,48.82
Phylum,Firmicutes,48.71
Phylum,Bacteroidota,45.54
Phylum,Proteobacteria,48.66
Phylum,Bacteroidota,48.6
Phylum,Bacteroidota,29.19
Phylum,Bacteroidota,28.6
Phylum,Bacteroidota,38.69
Phylum,Bacteroidota,40.29
Phylum,Proteobacteria,37.48
Phylum,Bacteroidota,39.58
Phylum,Bacteroidota,37.19
Phylum,Bacteroidota,38.72
Phylum,Bacteroidota,38.21
Phylum,Firmicutes,45.87
Phylum,Bacteroidota,44.75
Phylum,Firmicutes,45.37
Phylum,Firmicutes,44.72
Phylum,Firmicutes,55.62
Phylum,Bacteroidota,51.52
Phylum,Bacteroidota,46.29
Phylum,Bacteroidota,46.4
Phylum,Bacteroidota,41.44
Phylum,Firmicutes,40.89
Phylum,Bacteroidota,40.96
Phylum,Bacteroidota,35.71
Phylum,Bacteroidota,35.1
Phylum,Bacteroidota,36.19
Phylum,Bacteroidota,39.96
Phylum,Bacteroidota,39.85
Phylum,Bacteroidota,34.15
Phylum,Bacteroidota,33.6
Phylum,Firmicutes,44.88
Phylum,Bacteroidota,34.92
Phylum,Bacteroidota,33.68
Phylum,Bacteroidota,36.81
Phylum,Bacteroidota,36.33
Phylum,Bacteroidota,47.14
Phylum,Bacteroidota,46.89
Phylum,Bacteroidota,45.97
Phylum,Firmicutes,47.38
Phylum,Bacteroidota,42.07
Phylum,Bacteroidota,41.1
Phylum,Bacteroidota,38.71
Phylum,Bacteroidota,49.57
Phylum,Firmicutes,34.2
Phylum,Firmicutes,33.65
Phylum,Firmicutes,33.66
Phylum,Bacteroidota,39.03
Phylum,Bacteroidota,36.08
Phylum,Bacteroidota,41.31
Phylum,Bacteroidota,40.26
Phylum,Bacteroidota,40.23
Phylum,Bacteroidota,40.21
Phylum,Bacteroidota,40.25
Phylum,Bacteroidota,39.68
Phylum,Proteobacteria,54.07
Phylum,Proteobacteria,43.98
Phylum,Proteobacteria,54.67
Phylum,Proteobacteria,51.21
Phylum,Proteobacteria,49.08
Phylum,Proteobacteria,53.4
Phylum,Proteobacteria,53.48
Phylum,Proteobacteria,52.5
Phylum,Proteobacteria,52.13
Phylum,Proteobacteria,49.08
Phylum,Proteobacteria,52.8
Phylum,Proteobacteria,48.09
Phylum,Proteobacteria,49.5
Phylum,Proteobacteria,51.56
Phylum,Proteobacteria,52.56
Phylum,Proteobacteria,51.85
Phylum,Proteobacteria,51.23
Phylum,Proteobacteria,46.49
Phylum,Proteobacteria,51.54
Phylum,Proteobacteria,52.67
Phylum,Proteobacteria,51.68
Phylum,Proteobacteria,53.84
Phylum,Proteobacteria,51.09
Phylum,Proteobacteria,46.49
Phylum,Proteobacteria,53.77
Phylum,Proteobacteria,53.69
Phylum,Proteobacteria,53.61
Phylum,Proteobacteria,53.69
Phylum,Proteobacteria,53.69
Phylum,Proteobacteria,44.19
Phylum,Proteobacteria,44.76
Phylum,Proteobacteria,44.76
Phylum,Proteobacteria,44.69
Phylum,Proteobacteria,44.19
Phylum,Proteobacteria,44.55
Phylum,Proteobacteria,44.56
Phylum,Proteobacteria,43.35
Phylum,Proteobacteria,44.78
Phylum,Proteobacteria,44.49
Phylum,Proteobacteria,44.21
Phylum,Proteobacteria,44.29
Phylum,Proteobacteria,43.66
Phylum,Proteobacteria,44.35
Phylum,Proteobacteria,44.34
Phylum,Proteobacteria,43.51
Phylum,Proteobacteria,44.1
Phylum,Proteobacteria,44.11
Phylum,Proteobacteria,44.12
Phylum,Proteobacteria,44.1
Phylum,Proteobacteria,44.06
Phylum,Proteobacteria,44.07
Phylum,Proteobacteria,44.1
Phylum,Proteobacteria,44.08
Phylum,Proteobacteria,44.08
Phylum,Proteobacteria,44.08
Phylum,Proteobacteria,45.82
Phylum,Proteobacteria,43.87
Phylum,Proteobacteria,43.54
Phylum,Proteobacteria,43.71
Phylum,Proteobacteria,44.59
Phylum,Firmicutes,43.87
Phylum,Proteobacteria,44.59
Phylum,Proteobacteria,42.98
Phylum,Proteobacteria,43.55
Phylum,Proteobacteria,43.37
Phylum,Proteobacteria,43.9
Phylum,Proteobacteria,43.37
Phylum,Firmicutes,43.83
Phylum,Proteobacteria,43.55
Phylum,Proteobacteria,43.56
Phylum,Bacteroidota,38.8
Phylum,Proteobacteria,32.56
Phylum,Bacteroidota,33.6
Phylum,Proteobacteria,32.82
Phylum,Firmicutes,35.48
Phylum,Firmicutes,38.07
Phylum,Firmicutes,52.39
Phylum,Firmicutes,54.3
Phylum,Firmicutes,48.05
Phylum,Firmicutes,51.74
Phylum,Firmicutes,51.67
Phylum,Firmicutes,51.71
Phylum,Bacteroidota,56.51
Phylum,Firmicutes,56.25
Phylum,Firmicutes,55.96
Phylum,Firmicutes,56.96
Phylum,Firmicutes,57.77
Phylum,Firmicutes,57.26
Phylum,Proteobacteria,59.16
Phylum,Proteobacteria,42.91
Phylum,Firmicutes,59.56
Phylum,Firmicutes,59.56
Phylum,Firmicutes,59.16
Phylum,Firmicutes,58.63
Phylum,Firmicutes,53.19
Phylum,Firmicutes,31.87
Phylum,Firmicutes,30.68
Phylum,Firmicutes,29.22
Phylum,Firmicutes,29.29
Phylum,Bacteroidota,31.41
Phylum,Bacteroidota,29.97
Phylum,Bacteroidota,31.49
Phylum,Bacteroidota,33.87
Phylum,Bacteroidota,33.96
Phylum,Bacteroidota,33.98
Phylum,Bacteroidota,39.73
Phylum,Bacteroidota,45.72
Phylum,Bacteroidota,44.99
Phylum,Bacteroidota,37.82
Phylum,Bacteroidota,38.12
Phylum,Bacteroidota,37.98
Phylum,Bacteroidota,41.3
Phylum,Proteobacteria,39.24
Phylum,Bacteroidota,38.02
Phylum,Bacteroidota,38.21
Phylum,Bacteroidota,38.21
Phylum,Bacteroidota,40.32
Phylum,Bacteroidota,40.63
Phylum,Bacteroidota,40.6
Phylum,Bacteroidota,40.97
Phylum,Firmicutes,32.98
Phylum,Proteobacteria,31.01
Phylum,Firmicutes,29.81
Phylum,Firmicutes,31.05
Phylum,Firmicutes,33.65
Phylum,Firmicutes,33.66
Phylum,Bacteroidota,35.51
Phylum,Proteobacteria,33.05
Phylum,Firmicutes,29.82
Phylum,Bacteroidota,33.02
Phylum,Firmicutes,28.34
Phylum,Proteobacteria,40.34
Phylum,Proteobacteria,40.65
Phylum,Proteobacteria,40.54
Phylum,Proteobacteria,40.53
Phylum,Proteobacteria,40.62
Phylum,Proteobacteria,40.34
Phylum,Proteobacteria,40.66
Phylum,Proteobacteria,40.54
Phylum,Proteobacteria,39.3
Phylum,Proteobacteria,39.3
Phylum,Proteobacteria,39.3
Phylum,Proteobacteria,37.69
Phylum,Proteobacteria,38.39
Phylum,Proteobacteria,35.44
Phylum,Proteobacteria,35.4
Phylum,Proteobacteria,35.37
Phylum,Proteobacteria,36.16
Phylum,Proteobacteria,35.51
Phylum,Proteobacteria,35.88
Phylum,Proteobacteria,35.44
Phylum,Proteobacteria,35.59
Phylum,Firmicutes,35.4
Phylum,Bacteroidota,31.67
Phylum,Bacteroidota,38.78
Phylum,Bacteroidota,38.8
Phylum,Bacteroidota,37.48
Phylum,Bacteroidota,37.59
Phylum,Bacteroidota,37.54
Phylum,Firmicutes,60.46
Phylum,Firmicutes,60.24
Phylum,Firmicutes,49.25
Phylum,Firmicutes,48.94
Phylum,Firmicutes,49.43
Phylum,Firmicutes,48.99
Phylum,Firmicutes,47.87
Phylum,Firmicutes,48.94
Phylum,Firmicutes,40.43
Phylum,Firmicutes,40.02
Phylum,Firmicutes,40.41
Phylum,Firmicutes,40.02
Phylum,Firmicutes,40.05
Phylum,Firmicutes,45.28
Phylum,Firmicutes,40.41
Phylum,Firmicutes,40.83
Phylum,Proteobacteria,39.11
Phylum,Bacteroidota,41.43
Phylum,Firmicutes,35.97
Phylum,Firmicutes,36.01
Phylum,Bacteroidota,52.68
Phylum,Bacteroidota,50.56
Phylum,Firmicutes,38.62
Phylum,Firmicutes,39.8
Phylum,Firmicutes,39.03
Phylum,Firmicutes,40.63
Phylum,Firmicutes,38.42
Phylum,Firmicutes,39.82
Phylum,Firmicutes,40.48
Phylum,Firmicutes,39.86
Phylum,Firmicutes,39.44
Phylum,Firmicutes,39.65
Phylum,Firmicutes,40.21
Phylum,Proteobacteria,40.38
Phylum,Proteobacteria,34.64
Phylum,Bacteroidota,36.84
Phylum,Proteobacteria,40.32
Phylum,Proteobacteria,41.68
Phylum,Proteobacteria,40.73
Phylum,Proteobacteria,39.81
Phylum,Proteobacteria,39.97
Phylum,Firmicutes,39.33
Phylum,Bacteroidota,38.84
Phylum,Proteobacteria,39.25
Phylum,Proteobacteria,39.66
Phylum,Bacteroidota,41.52
Phylum,Proteobacteria,37.1
Phylum,Bacteroidota,39.89
Phylum,Bacteroidota,39.89
Phylum,Bacteroidota,38.31
Phylum,Proteobacteria,36.93
Phylum,Proteobacteria,39.71
Phylum,Proteobacteria,34.94
Phylum,Proteobacteria,34.94
Phylum,Proteobacteria,39.25
Phylum,Proteobacteria,39.66
Phylum,Proteobacteria,40.08
Phylum,Proteobacteria,41.23
Phylum,Proteobacteria,40.56
Phylum,Proteobacteria,42.87
Phylum,Proteobacteria,37.92
Phylum,Proteobacteria,38.28
Phylum,Proteobacteria,37.85
Phylum,Proteobacteria,37.89
Phylum,Firmicutes,56.49
Phylum,Firmicutes,44.8
Phylum,Firmicutes,55.8
Phylum,Firmicutes,55.86
Phylum,Firmicutes,55.85
Phylum,Firmicutes,44.75
Phylum,Firmicutes,45.2
Phylum,Firmicutes,40.01
Phylum,Firmicutes,40.04
Phylum,Firmicutes,41.42
Phylum,Firmicutes,44.12
Phylum,Firmicutes,28.45
Phylum,Firmicutes,28.45
Phylum,Firmicutes,28.74
Phylum,Firmicutes,53.68
Phylum,Firmicutes,52.75
Phylum,Firmicutes,33.69
Phylum,Firmicutes,36.96
Phylum,Firmicutes,37.02
Phylum,Firmicutes,36.78
Phylum,Firmicutes,36.89
Phylum,Firmicutes,35.57
Phylum,Firmicutes,36.65
Phylum,Firmicutes,35.41
Phylum,Firmicutes,35.13
Phylum,Firmicutes,35.17
Phylum,Firmicutes,39.76
Phylum,Firmicutes,37.69
Phylum,Firmicutes,38.28
Phylum,Firmicutes,38.51
Phylum,Firmicutes,38.16
Phylum,Firmicutes,39.76
Phylum,Proteobacteria,36.16
Phylum,Firmicutes,42.66
Phylum,Firmicutes,38.14
Phylum,Firmicutes,38.21
Phylum,Firmicutes,39.3
Phylum,Firmicutes,40.1
Phylum,Firmicutes,42.71
Phylum,Firmicutes,39.84
Phylum,Firmicutes,44.18
Phylum,Firmicutes,43.88
Phylum,Firmicutes,44.59
Phylum,Firmicutes,43.64
Phylum,Firmicutes,44.59
Phylum,Firmicutes,39.51
Phylum,Firmicutes,39.51
Phylum,Firmicutes,42.52
Phylum,Firmicutes,40.1
Phylum,Firmicutes,39.46
Phylum,Firmicutes,38.46
Phylum,Firmicutes,39.49
Phylum,Firmicutes,38.02
Phylum,Firmicutes,35.14
Phylum,Firmicutes,36.15
Phylum,Firmicutes,36.41
Phylum,Firmicutes,36.21
Phylum,Firmicutes,35.07
Phylum,Firmicutes,34.93
Phylum,Firmicutes,35.41
Phylum,Firmicutes,35.9
Phylum,Firmicutes,35.03
Phylum,Firmicutes,35.25
Phylum,Firmicutes,35.53
Phylum,Firmicutes,35.54
Phylum,Firmicutes,35.14
Phylum,Firmicutes,35.2
Phylum,Firmicutes,40.1
Phylum,Firmicutes,43.96
Phylum,Firmicutes,43.62
Phylum,Firmicutes,35.14
Phylum,Firmicutes,35.88
Phylum,Firmicutes,35.88
Phylum,Firmicutes,37.93
Phylum,Firmicutes,36.63
Phylum,Firmicutes,37.01
Phylum,Firmicutes,37.14
Phylum,Firmicutes,36.89
Phylum,Firmicutes,37.19
Phylum,Firmicutes,36.38
Phylum,Firmicutes,37.97
Phylum,Firmicutes,36.95
Phylum,Firmicutes,36.9
Phylum,Firmicutes,37
Phylum,Firmicutes,37.6
Phylum,Firmicutes,37.03
Taxonomy,Schitoviridae,42.79
Taxonomy,Schitoviridae,43.06
Taxonomy,Schitoviridae,43.19
Taxonomy,Schitoviridae,43.38
Taxonomy,Schitoviridae,43.07
Taxonomy,Schitoviridae,43.2
Taxonomy,Schitoviridae,42.94
Taxonomy,Schitoviridae,43.37
Taxonomy,Schitoviridae,43.38
Taxonomy,Schitoviridae,43.43
Taxonomy,Schitoviridae,43.29
Taxonomy,Schitoviridae,42.42
Taxonomy,Schitoviridae,42.97
Taxonomy,Schitoviridae,42.42
Taxonomy,Schitoviridae,43.31
Taxonomy,Schitoviridae,42.45
Taxonomy,Schitoviridae,43.47
Taxonomy,Schitoviridae,42.87
Taxonomy,Schitoviridae,43.38
Taxonomy,Schitoviridae,43.5
Taxonomy,Schitoviridae,42.77
Taxonomy,Schitoviridae,43.08
Taxonomy,Schitoviridae,41.1
Taxonomy,Schitoviridae,43.51
Taxonomy,Schitoviridae,43.08
Taxonomy,Schitoviridae,43.98
Taxonomy,Schitoviridae,43
Taxonomy,Schitoviridae,43.45
Taxonomy,Schitoviridae,42.85
Taxonomy,Schitoviridae,43.22
Taxonomy,Schitoviridae,43.23
Taxonomy,Schitoviridae,43.23
Taxonomy,Schitoviridae,43.47
Taxonomy,Schitoviridae,42.63
Taxonomy,Schitoviridae,43.51
Taxonomy,Schitoviridae,43.18
Taxonomy,Schitoviridae,43.33
Taxonomy,Schitoviridae,43.08
Taxonomy,Schitoviridae,41.32
Taxonomy,Schitoviridae,41.38
Taxonomy,Schitoviridae,41.15
Taxonomy,Schitoviridae,40.74
Taxonomy,Schitoviridae,41.15
Taxonomy,Schitoviridae,42.03
Taxonomy,Schitoviridae,32.42
Taxonomy,Schitoviridae,33.24
Taxonomy,Schitoviridae,30.62
Taxonomy,Schitoviridae,30.87
Taxonomy,Schitoviridae,30.6
Taxonomy,Schitoviridae,30.62
Taxonomy,Schitoviridae,37.36
Taxonomy,Schitoviridae,36.15
Taxonomy,Schitoviridae,32.62
Taxonomy,Schitoviridae,33.14
Taxonomy,Salasmaviridae,33.62
Taxonomy,Salasmaviridae,33.5
Taxonomy,Herelleviridae,31.18
Taxonomy,Herelleviridae,31.57
Taxonomy,Herelleviridae,31.21
Taxonomy,Herelleviridae,31.26
Taxonomy,Herelleviridae,31.46
Taxonomy,Herelleviridae,31.47
Taxonomy,Herelleviridae,31.69
Taxonomy,Herelleviridae,37.98
Taxonomy,Salasmaviridae,48.11
Taxonomy,Salasmaviridae,35.66
Taxonomy,Salasmaviridae,38.26
Taxonomy,Salasmaviridae,39.31
Taxonomy,Salasmaviridae,39.86
Taxonomy,Salasmaviridae,39.43
Taxonomy,Salasmaviridae,39.99
Taxonomy,Drexlerviridae,56.98
Taxonomy,Drexlerviridae,56.58
Taxonomy,Drexlerviridae,58.09
Taxonomy,Drexlerviridae,50.71
Taxonomy,Drexlerviridae,47.39
Taxonomy,Drexlerviridae,39.22
Taxonomy,Drexlerviridae,44.96
Taxonomy,Drexlerviridae,49.15
Taxonomy,Drexlerviridae,35.31
Taxonomy,Drexlerviridae,38.02
Taxonomy,Drexlerviridae,35.79
Taxonomy,Drexlerviridae,32.9
Taxonomy,Drexlerviridae,46.73
Taxonomy,Herelleviridae,28.42
Taxonomy,Salasmaviridae,45.91
Taxonomy,Drexlerviridae,53.35
Taxonomy,Drexlerviridae,50.23
Taxonomy,Drexlerviridae,50.09
Taxonomy,Drexlerviridae,56.49
Taxonomy,Salasmaviridae,48.02
Taxonomy,Drexlerviridae,49.57
Taxonomy,Drexlerviridae,56.49
Taxonomy,Schitoviridae,43.08
Taxonomy,Salasmaviridae,35.13
Taxonomy,Salasmaviridae,35.66
Taxonomy,Salasmaviridae,35.21
Taxonomy,Salasmaviridae,35.87
Taxonomy,Salasmaviridae,35.7
Taxonomy,Salasmaviridae,35.17
Taxonomy,Salasmaviridae,35.41
Taxonomy,Salasmaviridae,35.7
Taxonomy,Salasmaviridae,36.04
Taxonomy,Salasmaviridae,35.85
Taxonomy,Salasmaviridae,35.4
Taxonomy,Drexlerviridae,35.74
Taxonomy,Drexlerviridae,35.65
Taxonomy,Salasmaviridae,34.88
Taxonomy,Salasmaviridae,35.63
Taxonomy,Salasmaviridae,35.66
Taxonomy,Salasmaviridae,35.87
Taxonomy,Salasmaviridae,35.4
Taxonomy,Salasmaviridae,35.85
Taxonomy,Salasmaviridae,35.87
Taxonomy,Salasmaviridae,35.17
Taxonomy,Salasmaviridae,35.63
Taxonomy,Salasmaviridae,36.04
Taxonomy,Salasmaviridae,35.17
Taxonomy,Salasmaviridae,35.4
Taxonomy,Salasmaviridae,35.87
Taxonomy,Salasmaviridae,35.4
Taxonomy,Salasmaviridae,35.63
Taxonomy,Salasmaviridae,35.66
Taxonomy,Salasmaviridae,35.7
Taxonomy,Salasmaviridae,35.13
Taxonomy,Salasmaviridae,35.63
Taxonomy,Salasmaviridae,35.41
Taxonomy,Salasmaviridae,35.85
Taxonomy,Salasmaviridae,36.04
Taxonomy,Drexlerviridae,35.65
Taxonomy,Salasmaviridae,34.88
Taxonomy,Salasmaviridae,31.58
Taxonomy,Salasmaviridae,30.74
Taxonomy,Salasmaviridae,45.91
Taxonomy,Salasmaviridae,38.46
Taxonomy,Herelleviridae,36.74
Taxonomy,Herelleviridae,35.83
Taxonomy,Salasmaviridae,35.97
Taxonomy,Salasmaviridae,33.5
Taxonomy,Salasmaviridae,35.76
Taxonomy,Salasmaviridae,35.97
Taxonomy,Herelleviridae,37.15
Taxonomy,Herelleviridae,35.63
Taxonomy,Herelleviridae,35.65
Taxonomy,Herelleviridae,37.19
Taxonomy,Herelleviridae,36.34
Taxonomy,Herelleviridae,34.15
Taxonomy,Herelleviridae,33.95
Taxonomy,Salasmaviridae,35.03
Taxonomy,Herelleviridae,34.6
Taxonomy,Schitoviridae,42.77
Taxonomy,Herelleviridae,33.86
Taxonomy,Herelleviridae,35.78
Taxonomy,Herelleviridae,33.95
Taxonomy,Herelleviridae,33.95
Taxonomy,Herelleviridae,34.06
Taxonomy,Herelleviridae,34.15
Taxonomy,Herelleviridae,35.63
Taxonomy,Herelleviridae,36.74
Taxonomy,Herelleviridae,34.14
Taxonomy,Herelleviridae,35.63
Taxonomy,Herelleviridae,36.95
Taxonomy,Herelleviridae,37.27
Taxonomy,Herelleviridae,37.27
Taxonomy,Herelleviridae,36.95
Taxonomy,Herelleviridae,37.15
Taxonomy,Herelleviridae,34.06
Taxonomy,Herelleviridae,33.95
Taxonomy,Herelleviridae,34.15
Taxonomy,Herelleviridae,33.95
Taxonomy,Herelleviridae,34.6
Taxonomy,Herelleviridae,34.27
Taxonomy,Herelleviridae,34.06
Taxonomy,Herelleviridae,34.6
Taxonomy,Herelleviridae,35.65
Taxonomy,Herelleviridae,33.94
Taxonomy,Herelleviridae,35.65
Taxonomy,Herelleviridae,36.32
Taxonomy,Herelleviridae,36.34
Taxonomy,Herelleviridae,37.19
Taxonomy,Herelleviridae,37.19
Taxonomy,Herelleviridae,37.52
Taxonomy,Herelleviridae,37.52
Taxonomy,Herelleviridae,37.13
Taxonomy,Salasmaviridae,38.04
Taxonomy,Salasmaviridae,29.2
Taxonomy,Salasmaviridae,29.2
Taxonomy,Herelleviridae,37.14
Taxonomy,Herelleviridae,36.74
Taxonomy,Herelleviridae,31.18
Taxonomy,Herelleviridae,31.57
Taxonomy,Herelleviridae,33.16
Taxonomy,Herelleviridae,33.17
Taxonomy,Herelleviridae,33.03
Taxonomy,Herelleviridae,34.62
Taxonomy,Herelleviridae,33.66
Taxonomy,Herelleviridae,33.65
Taxonomy,Salasmaviridae,32.83
Taxonomy,Herelleviridae,34.64
Taxonomy,Herelleviridae,36.3
Taxonomy,Herelleviridae,35.83
Taxonomy,Herelleviridae,35.27
Taxonomy,Herelleviridae,36.65
Taxonomy,Herelleviridae,35.71
Taxonomy,Herelleviridae,35.06
Taxonomy,Herelleviridae,34.1
Taxonomy,Herelleviridae,36.5
Taxonomy,Herelleviridae,36.45
Taxonomy,Herelleviridae,36.47
Taxonomy,Herelleviridae,36.08
Taxonomy,Herelleviridae,36.18
Taxonomy,Herelleviridae,36.46
Taxonomy,Herelleviridae,35.95
Taxonomy,Herelleviridae,36.76
Taxonomy,Herelleviridae,36.17
Taxonomy,Salasmaviridae,34.96
Taxonomy,Herelleviridae,36.78
Taxonomy,Salasmaviridae,34.96
Taxonomy,Salasmaviridae,38.57
Taxonomy,Salasmaviridae,40.36
Taxonomy,Salasmaviridae,40.41
Taxonomy,Herelleviridae,24.54
Taxonomy,Herelleviridae,24.57
Taxonomy,Herelleviridae,34.14
Taxonomy,Salasmaviridae,36.62
Taxonomy,Salasmaviridae,37.84
Taxonomy,Salasmaviridae,35.03
Taxonomy,Schitoviridae,30.06
Taxonomy,Salasmaviridae,35.24
Taxonomy,Salasmaviridae,35.13
Taxonomy,Salasmaviridae,30.45
Taxonomy,Herelleviridae,30.52
Taxonomy,Herelleviridae,30.77
Taxonomy,Salasmaviridae,43.96
Taxonomy,Salasmaviridae,43.85
Taxonomy,Salasmaviridae,43.79
Taxonomy,Salasmaviridae,43.41
Taxonomy,Salasmaviridae,43.62
Taxonomy,Salasmaviridae,44.1
Taxonomy,Salasmaviridae,43.89
Taxonomy,Salasmaviridae,43.61
Taxonomy,Salasmaviridae,43.27
Taxonomy,Salasmaviridae,43.42
Taxonomy,Salasmaviridae,43.69
Taxonomy,Salasmaviridae,43.62
Taxonomy,Salasmaviridae,43.66
Taxonomy,Salasmaviridae,43.96
Taxonomy,Salasmaviridae,43.85
Taxonomy,Salasmaviridae,43.79
Taxonomy,Salasmaviridae,43.35
Taxonomy,Salasmaviridae,43.62
Taxonomy,Salasmaviridae,43.41
Taxonomy,Salasmaviridae,43.28
Taxonomy,Salasmaviridae,43.62
Taxonomy,Salasmaviridae,43.61
Taxonomy,Salasmaviridae,43.66
Taxonomy,Salasmaviridae,43.62
Taxonomy,Salasmaviridae,43.69
Taxonomy,Salasmaviridae,43.27
Taxonomy,Salasmaviridae,44.1
Taxonomy,Salasmaviridae,43.42
Taxonomy,Salasmaviridae,30.92
Taxonomy,Salasmaviridae,36.04
Taxonomy,Salasmaviridae,38
Taxonomy,Salasmaviridae,38.07
Taxonomy,Schitoviridae,44.79
Taxonomy,Schitoviridae,44.87
Taxonomy,Schitoviridae,44.9
Taxonomy,Schitoviridae,44.9
Taxonomy,Schitoviridae,44.98
Taxonomy,Schitoviridae,45.06
Taxonomy,Schitoviridae,46.59
Taxonomy,Schitoviridae,44.86
Taxonomy,Schitoviridae,44.86
Taxonomy,Schitoviridae,45.27
Taxonomy,Schitoviridae,44.92
Taxonomy,Schitoviridae,45.05
Taxonomy,Schitoviridae,45.03
Taxonomy,Schitoviridae,45.04
Taxonomy,Schitoviridae,45.23
Taxonomy,Drexlerviridae,55.35
Taxonomy,Drexlerviridae,55.64
Taxonomy,Drexlerviridae,51.75
Taxonomy,Salasmaviridae,39.49
Taxonomy,Salasmaviridae,40.16
Taxonomy,Salasmaviridae,42.18
Taxonomy,Salasmaviridae,42.12
Taxonomy,Salasmaviridae,44.81
Taxonomy,Salasmaviridae,44.64
Taxonomy,Salasmaviridae,29.19
Taxonomy,Salasmaviridae,28.6
Taxonomy,Salasmaviridae,38.69
Taxonomy,Salasmaviridae,37.48
Taxonomy,Salasmaviridae,37.19
Taxonomy,Salasmaviridae,38.72
Taxonomy,Salasmaviridae,38.21
Taxonomy,Salasmaviridae,45.87
Taxonomy,Salasmaviridae,44.75
Taxonomy,Salasmaviridae,45.37
Taxonomy,Salasmaviridae,44.72
Taxonomy,Salasmaviridae,55.62
Taxonomy,Salasmaviridae,46.29
Taxonomy,Salasmaviridae,46.4
Taxonomy,Salasmaviridae,41.44
Taxonomy,Salasmaviridae,39.85
Taxonomy,Salasmaviridae,33.6
Taxonomy,Salasmaviridae,44.88
Taxonomy,Salasmaviridae,34.92
Taxonomy,Salasmaviridae,36.81
Taxonomy,Salasmaviridae,34.2
Taxonomy,Salasmaviridae,33.65
Taxonomy,Salasmaviridae,33.66
Taxonomy,Salasmaviridae,40.26
Taxonomy,Salasmaviridae,40.23
Taxonomy,Salasmaviridae,40.21
Taxonomy,Schitoviridae,43.98
Taxonomy,Drexlerviridae,44.19
Taxonomy,Drexlerviridae,44.76
Taxonomy,Drexlerviridae,44.76
Taxonomy,Drexlerviridae,44.69
Taxonomy,Drexlerviridae,44.19
Taxonomy,Drexlerviridae,44.55
Taxonomy,Drexlerviridae,44.56
Taxonomy,Drexlerviridae,43.35
Taxonomy,Drexlerviridae,44.78
Taxonomy,Drexlerviridae,44.49
Taxonomy,Drexlerviridae,44.21
Taxonomy,Drexlerviridae,44.29
Taxonomy,Drexlerviridae,43.66
Taxonomy,Drexlerviridae,44.35
Taxonomy,Drexlerviridae,44.34
Taxonomy,Drexlerviridae,43.51
Taxonomy,Drexlerviridae,44.1
Taxonomy,Drexlerviridae,44.11
Taxonomy,Drexlerviridae,44.12
Taxonomy,Drexlerviridae,44.1
Taxonomy,Drexlerviridae,44.06
Taxonomy,Drexlerviridae,44.07
Taxonomy,Drexlerviridae,44.1
Taxonomy,Drexlerviridae,44.08
Taxonomy,Drexlerviridae,44.08
Taxonomy,Drexlerviridae,44.08
Taxonomy,Drexlerviridae,45.82
Taxonomy,Drexlerviridae,43.87
Taxonomy,Drexlerviridae,43.54
Taxonomy,Drexlerviridae,43.71
Taxonomy,Drexlerviridae,44.59
Taxonomy,Drexlerviridae,43.87
Taxonomy,Drexlerviridae,44.59
Taxonomy,Drexlerviridae,42.98
Taxonomy,Drexlerviridae,43.55
Taxonomy,Drexlerviridae,43.37
Taxonomy,Drexlerviridae,43.9
Taxonomy,Drexlerviridae,43.37
Taxonomy,Drexlerviridae,43.83
Taxonomy,Drexlerviridae,43.55
Taxonomy,Drexlerviridae,43.56
Taxonomy,Salasmaviridae,39.27
Taxonomy,Salasmaviridae,38.8
Taxonomy,Salasmaviridae,32.56
Taxonomy,Salasmaviridae,32.82
Taxonomy,Herelleviridae,35.48
Taxonomy,Salasmaviridae,38.07
Taxonomy,Herelleviridae,31.41
Taxonomy,Herelleviridae,29.97
Taxonomy,Herelleviridae,31.49
Taxonomy,Herelleviridae,33.87
Taxonomy,Herelleviridae,33.96
Taxonomy,Herelleviridae,33.98
Taxonomy,Herelleviridae,39.73
Taxonomy,Salasmaviridae,45.72
Taxonomy,Herelleviridae,44.99
Taxonomy,Herelleviridae,37.82
Taxonomy,Herelleviridae,38.12
Taxonomy,Herelleviridae,37.98
Taxonomy,Herelleviridae,41.3
Taxonomy,Herelleviridae,39.24
Taxonomy,Herelleviridae,38.02
Taxonomy,Herelleviridae,38.21
Taxonomy,Herelleviridae,38.21
Taxonomy,Herelleviridae,40.32
Taxonomy,Herelleviridae,40.63
Taxonomy,Herelleviridae,40.6
Taxonomy,Herelleviridae,40.97
Taxonomy,Herelleviridae,32.19
Taxonomy,Salasmaviridae,32.98
Taxonomy,Salasmaviridae,31.01
Taxonomy,Salasmaviridae,29.81
Taxonomy,Salasmaviridae,33.65
Taxonomy,Salasmaviridae,33.66
Taxonomy,Salasmaviridae,35.51
Taxonomy,Salasmaviridae,33.05
Taxonomy,Salasmaviridae,29.82
Taxonomy,Salasmaviridae,33.02
Taxonomy,Salasmaviridae,28.34
Taxonomy,Salasmaviridae,37.48
Taxonomy,Salasmaviridae,37.59
Taxonomy,Salasmaviridae,37.54
Taxonomy,Salasmaviridae,38.04
Taxonomy,Salasmaviridae,43.77
Taxonomy,Salasmaviridae,43.12
Taxonomy,Salasmaviridae,49.25
Taxonomy,Salasmaviridae,48.94
Taxonomy,Salasmaviridae,49.43
Taxonomy,Salasmaviridae,48.99
Taxonomy,Salasmaviridae,47.87
Taxonomy,Salasmaviridae,48.94
Taxonomy,Salasmaviridae,40.43
Taxonomy,Salasmaviridae,40.02
Taxonomy,Salasmaviridae,40.41
Taxonomy,Salasmaviridae,40.02
Taxonomy,Salasmaviridae,40.05
Taxonomy,Salasmaviridae,45.28
Taxonomy,Salasmaviridae,40.41
Taxonomy,Salasmaviridae,40.83
Taxonomy,Salasmaviridae,34.83
Taxonomy,Salasmaviridae,39.11
Taxonomy,Salasmaviridae,41.43
Taxonomy,Salasmaviridae,38.62
Taxonomy,Salasmaviridae,35.97
Taxonomy,Salasmaviridae,36.01
Taxonomy,Salasmaviridae,38.62
Taxonomy,Salasmaviridae,39.8
Taxonomy,Salasmaviridae,39.03
Taxonomy,Salasmaviridae,40.63
Taxonomy,Salasmaviridae,38.42
Taxonomy,Salasmaviridae,39.82
Taxonomy,Salasmaviridae,40.48
Taxonomy,Salasmaviridae,39.86
Taxonomy,Salasmaviridae,39.44
Taxonomy,Salasmaviridae,39.65
Taxonomy,Salasmaviridae,40.21
Taxonomy,Salasmaviridae,36.84
Taxonomy,Salasmaviridae,40.32
Taxonomy,Salasmaviridae,39.81
Taxonomy,Salasmaviridae,39.97
Taxonomy,Salasmaviridae,41.15
Taxonomy,Salasmaviridae,39.33
Taxonomy,Herelleviridae,38.84
Taxonomy,Herelleviridae,39.25
Taxonomy,Herelleviridae,39.66
Taxonomy,Salasmaviridae,41.52
Taxonomy,Salasmaviridae,39.89
Taxonomy,Salasmaviridae,39.89
Taxonomy,Salasmaviridae,38.31
Taxonomy,Salasmaviridae,36.91
Taxonomy,Salasmaviridae,36.93
Taxonomy,Salasmaviridae,39.71
Taxonomy,Salasmaviridae,36.38
Taxonomy,Herelleviridae,39.25
Taxonomy,Herelleviridae,39.66
Taxonomy,Salasmaviridae,41.23
Taxonomy,Salasmaviridae,37.64
Taxonomy,Salasmaviridae,37.67
Taxonomy,Salasmaviridae,40.56
Taxonomy,Drexlerviridae,42.87
Taxonomy,Salasmaviridae,37.92
Taxonomy,Drexlerviridae,56.49
Taxonomy,Schitoviridae,64.95
Taxonomy,Salasmaviridae,44.75
Taxonomy,Salasmaviridae,45.2
Taxonomy,Salasmaviridae,40.01
Taxonomy,Salasmaviridae,40.04
Taxonomy,Salasmaviridae,28.74
Taxonomy,Drexlerviridae,53.68
Taxonomy,Drexlerviridae,52.75
Taxonomy,Salasmaviridae,33.69
Taxonomy,Salasmaviridae,36.96
Taxonomy,Salasmaviridae,37.02
Taxonomy,Salasmaviridae,36.78
Taxonomy,Salasmaviridae,36.89
Taxonomy,Salasmaviridae,36.65
Taxonomy,Salasmaviridae,35.41
Taxonomy,Salasmaviridae,35.17
Taxonomy,Salasmaviridae,39.76
Taxonomy,Salasmaviridae,37.69
Taxonomy,Salasmaviridae,38.28
Taxonomy,Salasmaviridae,38.51
Taxonomy,Salasmaviridae,38.16
Taxonomy,Salasmaviridae,39.76
Taxonomy,Salasmaviridae,38.14
Taxonomy,Salasmaviridae,38.21
Taxonomy,Salasmaviridae,40.1
Taxonomy,Salasmaviridae,39.84
Taxonomy,Salasmaviridae,44.18
Taxonomy,Salasmaviridae,43.88
Taxonomy,Salasmaviridae,43.64
Taxonomy,Salasmaviridae,39.51
Taxonomy,Salasmaviridae,39.51
Taxonomy,Salasmaviridae,42.52
Taxonomy,Salasmaviridae,40.1
Taxonomy,Salasmaviridae,39.46
Taxonomy,Salasmaviridae,38.46
Taxonomy,Salasmaviridae,39.49
Taxonomy,Salasmaviridae,38.02
Taxonomy,Salasmaviridae,35.14
Taxonomy,Salasmaviridae,35.07
Taxonomy,Salasmaviridae,34.93
Taxonomy,Salasmaviridae,35.41
Taxonomy,Salasmaviridae,35.9
Taxonomy,Salasmaviridae,35.03
Taxonomy,Salasmaviridae,35.25
Taxonomy,Salasmaviridae,35.53
Taxonomy,Salasmaviridae,35.54
Taxonomy,Salasmaviridae,35.14
Taxonomy,Salasmaviridae,35.2
Taxonomy,Salasmaviridae,40.1
Taxonomy,Salasmaviridae,35.14
Taxonomy,Salasmaviridae,35.88
Taxonomy,Salasmaviridae,35.88
Taxonomy,Salasmaviridae,37.93
Taxonomy,Herelleviridae,37.01
Taxonomy,Herelleviridae,37.14
Taxonomy,Herelleviridae,36.89
Taxonomy,Herelleviridae,37.19
Taxonomy,Salasmaviridae,36.38
Taxonomy,Salasmaviridae,37.97
Taxonomy,Herelleviridae,36.95
Taxonomy,Salasmaviridae,36.9
Taxonomy,Herelleviridae,37
Taxonomy,Salasmaviridae,37.6
Taxonomy,Herelleviridae,37.03
